week_start,headline,sentiment_score
2025-06-17,"Oil tumbles 4% and global shares surge after U.S. announces Israel-Iran ceasefire, easing energy supply fears",0.5657256245613098
2025-06-17,U.S. Fed signals possible rate cuts as soon as July; Powell and Bowman highlight readiness to respond,0.7179805040359497
2025-06-17,"Google Gemini AI projected to generate $4.2 billion in 2025 revenue, boosting Google Cloud growth",0.949381411075592
2025-06-17,"Argentina's economy expands 5.8% YoY in Q1, supporting emerging market sentiment",0.9532575011253357
2025-06-17,EU criticizes Trump’s plan to double steel tariffs; EU ready with countermeasures,-0.8761622905731201
2025-06-10,"BP becomes takeover target as ADNOC bids for gas assets, highlighting energy sector consolidation",0.52554851770401
2025-06-10,"UK and US finalize new trade deal, impacting tariffs and transatlantic business",0.40599700808525085
2025-06-10,"UK Finance Minister's spending plan sparks borrowing cost concerns, affecting bond markets",-0.9622389674186707
2025-06-10,"UK backs Rolls-Royce small modular nuclear reactors, signaling clean energy push",0.5723150968551636
2025-06-10,Fund managers lobby US Congress to avert tax changes threatening foreign investment in US stocks,0.7348342537879944
2025-06-03,S&P 500 and Nasdaq rally despite US-China trade tension; Beijing pushes back on allegations,-0.5322093963623047
2025-06-03,"EU warns of countermeasures as Trump threatens steel tariffs, raising trade war risk",-0.937706708908081
2025-06-03,Markets monitor Chinese stimulus signals and US trade talks for direction,0.0
2025-06-03,Oil prices volatile on Middle East escalation risk,-0.9204661250114441
2025-06-03,Investors rotate into small/mid-cap stocks as large-caps lag,-0.7865689992904663
2025-05-24,"Sensex and global equities drop as IT, auto, metals lag; PSU banks rally on earnings",-0.9614934325218201
2025-05-24,Market cautious ahead of Q4 GDP and US tariff decisions; volatility rises,-0.9239135980606079
2025-05-24,"Oil spikes on renewed Middle East tensions, affecting inflation expectations",-0.9370653629302979
2025-05-24,Reliance Infrastructure nears 52-week high amid heavy trading,0.7738004326820374
2025-05-24,Global markets react to mixed US-China trade talk signals and Washington fiscal tensions,-0.9397811889648438
2025-05-17,"US dollar falls as Trump signals not all tariffs will be imposed, easing risk aversion",0.5225290060043335
2025-05-17,"Cognizant boosts share buyback, showing tech sector confidence",0.888725996017456
2025-05-17,Indira IVF withdraws IPO plan amid regulatory uncertainty,-0.9516683220863342
2025-05-17,Wall Street trades higher on trade resolution hopes,0.8566237688064575
2025-05-17,"Argentina's rebound continues, boosting emerging market optimism",0.9528592824935913
2025-05-10,"Indian and global markets volatile on trade tensions, earnings",-0.948735237121582
2025-05-10,"Oil stabilizes after volatility, benefiting energy stocks",0.9475886225700378
2025-05-10,"Emerging market currencies fluctuate on oil swings, FII flows",-0.6099669337272644
2025-05-10,"US and EU central banks hold rates, hint at future easing",0.0
2025-05-10,Tech and auto sectors underperform on weak global cues,-0.9697844386100769
2025-04-24,Sensex and global stocks fall on US-China tension; Trump’s auto tariffs trigger equity sell-off,-0.9685249924659729
2025-04-24,"US Q4 GDP slows, recession fears rise",-0.9535561800003052
2025-04-24,China/HK stocks gain on softened US-China ties hope,-0.5019007325172424
2025-04-24,Investors brace for volatility as policy uncertainty persists,-0.7466474771499634
2025-04-24,US and EU central banks signal caution amid slowdown,-0.7271695733070374
2025-04-10,Global markets crash after reciprocal Trump tariffs; US indices down ~3% weekly,-0.9699848294258118
2025-04-10,US CEO confidence plunges on policy uncertainty,-0.9609206914901733
2025-04-10,Indian rupee and bond yields react to global risk-off and capital outflows,-0.933526873588562
2025-04-10,Analysts debate India’s readiness for global downturn,-0.8568593263626099
2025-04-10,"Oil surges on Middle East tension, raising inflation fears",-0.8274043202400208
2025-04-01,Markets turbulent on tariffs and slowing growth; Goldman cuts S&P target,-0.9652858376502991
2025-04-01,"US energy outperforms as oil rises; tech, consumer discretionary lag",-0.8965119123458862
2025-04-01,Indian equities mirror global volatility; BSE 30 sees sector rotation,0.0
2025-04-01,RBI and Fed signals watched amid inflation concerns,-0.49172601103782654
2025-04-01,"US, EU, China trade negotiations dominate headlines",0.0
2025-03-22,"Trump announces 25% tariffs on all non-US auto imports, sparking trade war fears",-0.8786051869392395
2025-03-22,"US tech, communication sectors hit hardest; value stocks outperform for sixth week",-0.8876981139183044
2025-03-22,"Eurozone business activity, German confidence rise; US consumer confidence at 12-year low",0.8808977603912354
2025-03-22,"Russia-Ukraine partial ceasefire lifts sentiment, but new tariffs revive concerns",0.895876407623291
2025-03-22,"UK inflation dips to 2.8%, OBR cuts 2025 growth forecast to 1%",-0.9109606146812439
2025-03-15,"US stocks fall sharply, S&P 500 down 2% Friday, 1.53% weekly; tech giants lead decline",-0.9689304232597351
2025-03-15,"European, Japanese stocks decline as US auto tariffs hit exporters",-0.9670912027359009
2025-03-15,India’s Sensex falls on FY25 close amid tariff concerns; posts 1.22% weekly gain,-0.9712419509887695
2025-03-15,"US personal spending rises 0.4% in Feb, below expectations",-0.7631791234016418
2025-03-15,China’s industrial profits fall 0.3% YTD; calls for domestic consumption rise,-0.9578876495361328
2025-03-08,"US, EU impose new Russia sanctions, raising energy, financial risks",-0.759881317615509
2025-03-08,Global investors shift to defensive sectors amid uncertainty,-0.5190045833587646
2025-03-08,"Indian markets react to mixed inflation, output data",-0.5238848924636841
2025-03-08,US tech stocks pressured as antitrust probes widen,-0.9110344052314758
2025-03-08,Eurozone business activity grows 3rd month; tariff fears weaken outlook,0.8977794647216797
2025-03-01,"S&P 500, Nasdaq hit record highs on earnings; Eurozone inflation high",0.8297738432884216
2025-03-01,China exports fall third month; slowdown fears grow,-0.9695872664451599
2025-03-01,Oil steady as supply concerns offset demand worries,0.7219464778900146
2025-03-01,"Indian rupee weakens on FII outflows, risk aversion",-0.9592252373695374
2025-03-01,BOJ holds rates; yen weakens,-0.939130961894989
2025-02-22,"Tech selloff deepens as Nvidia drops 8.5%, AI stocks follow",-0.9646169543266296
2025-02-22,"Trump tariffs on Canada, Mexico, China rattle sentiment; VIX spikes 10.6%",0.8977413177490234
2025-02-22,"Bitcoin falls 6% on liquidations, rebounds on crypto reserve news",-0.9390405416488647
2025-02-22,US 10-year yield at 4.22% as Fed cuts priced in,-0.6741605401039124
2025-02-22,"Gold corrects to $2,856/oz; oil below $69/bbl; USD surges",0.5541232228279114
2025-02-15,"Global equities rebound; S&P 500 up 3.7% MoM, Nasdaq 4.5%",0.7520114779472351
2025-02-15,"Earnings strong, but EPS growth slows, breadth narrows",-0.9111417531967163
2025-02-15,"Retail investors bullish, insiders pull back",-0.9132490158081055
2025-02-15,Mega-cap techs 60% of S&P 500 market cap,0.0
2025-02-15,"Post-inauguration uncertainty fuels savings, credit spread widening",0.5039067268371582
2025-02-08,"S&P 500, Nasdaq gain modestly; Nvidia, Micron lead",0.9336227774620056
2025-02-08,"Trump announces 25% steel tariffs, raises aluminum tariffs",0.0
2025-02-08,"Markets eye January CPI, PPI",0.0
2025-02-08,Analysts warn tariff-driven inflation may emerge,-0.9561762809753418
2025-02-08,"Tech, industrials outperform on rotation",-0.5702410340309143
2025-02-01,"US stocks mixed; Dow, Global Dow gain",-0.4802858233451843
2025-02-01,"Trump enforces tariffs on Canada, China, Mexico",0.0
2025-02-01,"Oil dips, ends higher; gold, dollar down",-0.49678316712379456
2025-02-01,Chipmakers hit in tech volatility,-0.9173649549484253
2025-02-01,Investors shift to bonds on trade risk,0.0
2025-01-22,"US delays Mexico, Canada tariffs; China targets US firms, probes Google",0.0
2025-01-22,"Global indices recover, tariff worries linger",0.840928316116333
2025-01-22,Chipmakers lead market dip; bonds rally; crude volatile,0.7000595331192017
2025-01-22,"Trump tariff threats boost dollar, hurt stocks",-0.7975031137466431
2025-01-22,"Gold, safe havens gain on trade risk",0.50300133228302
2025-01-15,"China 5% GDP growth; spending, deflation risks remain",0.0
2025-01-15,"Apple suffers worst day in months, drags tech sector",-0.9457248449325562
2025-01-15,US sanctions Russian oil; oil surges,-0.6261656880378723
2025-01-15,Fed’s Waller hints 2025 rate cuts,0.0
2025-01-15,BRICS eyes expansion amid US trade threats,0.0
2025-01-08,"US plans tariffs on Mexico, Canada, China; markets rattled",0.0
2025-01-08,"China retaliates, adds export controls",-0.8112930655479431
2025-01-08,US tech pressured by China’s DeepSeek AI,-0.9118279218673706
2025-01-08,Europe outperforms US stocks,0.847390353679657
2025-01-08,Emerging markets lag on trade fears,-0.9311131834983826
2025-01-01,Global stocks strong start; Europe leads,0.9375370144844055
2025-01-01,"AI, tech optimism lifts US, Asia",0.9287867546081543
2025-01-01,Oil stable; OPEC+ holds output,0.8456212282180786
2025-01-01,US jobs data solid; dollar firm,0.9298037886619568
2025-01-01,China PMI expands; recovery continues,0.9462947845458984
2024-12-22,"""Global equities end 2024 with 17.5% gain, US leads returns with S&P 500 up 23%""",0.9353281259536743
2024-12-22,"""Magnificent 7 tech stocks account for over 50% of S&P 500’s annual return""",0.0
2024-12-22,"""Russell 2000 small caps fade into year-end, up just 10% for 2024""",0.7028144001960754
2024-12-22,"""VIX volatility index jumps 28% in December, ending at 17.35""",0.9067615270614624
2024-12-22,"""No 'Santa rally' as stocks and bonds both sell off into year-end""",0.5624958276748657
2024-12-15,"""US stocks register biggest monthly decline since March as Fed signals slower rate cuts""",-0.9586774706840515
2024-12-15,"""ECB President Lagarde maintains dovish tone as Eurozone growth slows""",-0.8332780003547668
2024-12-15,"""US Q4 earnings projected to grow nearly 12% YoY, highest in three years""",0.9516752362251282
2024-12-15,"""Global bond yields rise as inflation remains sticky""",0.6511021256446838
2024-12-15,"""Commodities mixed; oil up, gold and dollar strong""",0.941591739654541
2024-12-08,"""US government averts shutdown with Senate funding bill, but debt ceiling remains unresolved""",-0.41780680418014526
2024-12-08,"""French PM Michel Barnier ousted after no-confidence vote; François Bayrou named new PM""",0.0
2024-12-08,"""South Korea’s National Assembly impeaches President Yoon Suk Yeol after martial law controversy""",-0.8753053545951843
2024-12-08,"""Syrian regime collapses as rebels capture Damascus, raising Middle East risk premium""",-0.8555267453193665
2024-12-08,"""S&P 500 posts 25% annual gain, led by mega-cap tech stocks""",0.9448997378349304
2024-12-01,"""Global stocks fall 2.4% as investors react to hawkish US Fed projections and sticky inflation""",-0.9734867215156555
2024-12-01,"""US and ECB both cut rates by 25 bps, but signal divergent outlooks for 2025 easing""",0.6648013591766357
2024-12-01,"""Oil prices edge higher, but end 2024 slightly down overall""",-0.9436063170433044
2024-12-01,"""Gold posts its best year since 2010 as investors seek safety amid volatility""",0.9122726321220398
2024-12-01,"""Bitcoin briefly surpasses $100,000 before correcting""",0.7452417612075806
2024-11-22,"""Global stocks slip as Fed and ECB signal less aggressive rate cuts for 2025""",-0.9653242826461792
2024-11-22,"""China’s manufacturing PMI expands, boosting regional sentiment""",0.9524785280227661
2024-11-22,"""US jobless claims hit lowest level since 2022""",-0.9660865664482117
2024-11-22,"""European energy crisis eases as winter proves mild""",0.9117706418037415
2024-11-22,"""Indian equities outperform emerging market peers""",0.5236692428588867
2024-11-15,"""US Senate passes short-term funding bill, avoiding government shutdown""",0.755216658115387
2024-11-15,"""S&P 500 and Nasdaq reach fresh highs, then retreat on Fed comments""",-0.9283367991447449
2024-11-15,"""Eurozone inflation falls further, raising hopes for ECB easing""",0.6244349479675293
2024-11-15,"""Oil prices rise on Middle East supply concerns""",-0.5958131551742554
2024-11-15,"""Bitcoin volatility spikes as crypto regulation debate heats up""",-0.8734115362167358
2024-11-08,"""Trump administration unveils new tariff threats on Chinese imports, reigniting trade war fears""",-0.9186077117919922
2024-11-08,"""ECB holds rates, cites weakening growth and inflation""",-0.8220171928405762
2024-11-08,"""US tech stocks surge, led by Nvidia and Apple""",0.9367039203643799
2024-11-08,"""European and Asian markets mixed on policy uncertainty""",-0.9394381642341614
2024-11-08,"""Gold and US dollar rally on safe-haven demand""",0.8982055187225342
2024-11-01,"""US presidential election results in Donald Trump’s victory, markets initially rally on pro-business hopes""",0.8347892761230469
2024-11-01,"""Fed holds rates steady, signals caution on future cuts""",0.42542004585266113
2024-11-01,"""Global stocks hit new all-time highs before fading late in the month""",0.8239179849624634
2024-11-01,"""Oil prices stabilize as OPEC+ maintains output discipline""",-0.4953685700893402
2024-11-01,"""China’s exports rebound, supporting Asian equities""",0.9507281184196472
2024-10-22,"""US GDP growth slows to 1.9% annualized in Q3""",-0.9719192981719971
2024-10-22,"""Fed holds rates, signals data-dependent approach""",0.0
2024-10-22,"""Global equities mixed as earnings season winds down""",-0.9583126306533813
2024-10-22,"""Gold rallies on Middle East tensions""",-0.4445713460445404
2024-10-22,"""Bitcoin surges on ETF approval rumors""",0.922661304473877
2024-10-15,"""US and China resume high-level trade talks, raising hopes for tariff relief""",0.9385533928871155
2024-10-15,"""European stocks outperform as energy prices fall""",-0.9592578411102295
2024-10-15,"""US retail sales beat expectations, supporting consumer stocks""",0.9506663084030151
2024-10-15,"""Oil prices steady as supply-demand outlook balances""",0.7992775440216064
2024-10-15,"""Brazil’s central bank cuts rates by 50 bps""",-0.5131977200508118
2024-10-08,"""US CPI inflation ticks higher, challenging Fed’s dovish stance""",-0.5809812545776367
2024-10-08,"""ECB President Lagarde warns of persistent inflation risks""",-0.867716908454895
2024-10-08,"""Japanese yen hits 34-year low against the dollar""",-0.9500425457954407
2024-10-08,"""S&P 500 volatility rises as 'Magnificent 7' stocks diverge""",0.8113244771957397
2024-10-08,"""Indian rupee weakens on FII outflows""",-0.9612752795219421
2024-10-01,"""US stocks rally as Q3 earnings season kicks off with strong tech results""",0.9245361089706421
2024-10-01,"""Fed minutes reveal growing split over rate path; markets price in fewer cuts for 2025""",-0.6729487776756287
2024-10-01,"""Oil prices rise on OPEC+ output cuts""",0.6988849639892578
2024-10-01,"""China’s property sector remains under pressure, government signals more support""",0.927813708782196
2024-10-01,"""Eurozone business confidence drops to three-year low""",-0.9730965495109558
2024-09-22,"""US Congress passes last-minute spending bill, averting shutdown""",0.47795188426971436
2024-09-22,"""S&P 500 rebounds as risk appetite returns""",-0.5001587271690369
2024-09-22,"""Japanese stocks outperform on BOJ stimulus hints""",0.6839126348495483
2024-09-22,"""Oil prices steady, gold retreats""",0.5703168511390686
2024-09-22,"""Indian rupee recovers on RBI intervention""",0.8067639470100403
2024-09-15,"""Fed leaves rates unchanged, reiterates higher-for-longer stance""",0.0
2024-09-15,"""US government shutdown fears rise as funding deadline approaches""",-0.8481133580207825
2024-09-15,"""Oil rebounds on OPEC+ production cuts""",0.8394461274147034
2024-09-15,"""Eurozone PMI contracts for fifth month""",0.0
2024-09-15,"""Chinese property developer defaults, raising contagion fears""",-0.9614550471305847
2024-09-08,"""US CPI inflation surprises to the upside, Fed officials push back on early rate cuts""",-0.712039053440094
2024-09-08,"""European gas prices spike on supply disruptions""",-0.9351989030838013
2024-09-08,"""S&P 500 and Nasdaq pull back from all-time highs""",0.5133450031280518
2024-09-08,"""Indian markets volatile on mixed monsoon data""",-0.9448348879814148
2024-09-08,"""Gold and bonds rally on risk-off sentiment""",0.9137741923332214
2024-09-01,"""US nonfarm payrolls beat forecasts, unemployment steady at 3.8%""",0.8399150371551514
2024-09-01,"""ECB cuts rates by 25 bps, signals end of tightening cycle""",0.5017497539520264
2024-09-01,"""Oil prices fall as demand outlook weakens""",-0.9714275598526001
2024-09-01,"""China’s exports decline for fourth straight month""",-0.9721430540084839
2024-09-01,"""US dollar strengthens on safe-haven flows""",0.9328893423080444
2024-08-22,"""US GDP revised up for Q2; economy shows resilience""",0.9446491003036499
2024-08-22,"""S&P 500 and global equities end month higher""",0.7686759829521179
2024-08-22,"""Oil prices steady, gold gains on safe-haven demand""",0.9421862363815308
2024-08-22,"""Indian rupee stable, RBI holds rates""",0.0
2024-08-22,"""European stocks underperform on weak data""",-0.954021692276001
2024-08-15,"""US retail sales beat expectations, consumer confidence rises",0.9530481696128845
2024-08-01,"""US stocks hit new highs on strong Q2 earnings""",0.9319465160369873
2024-08-01,"""Fed holds rates, signals data-driven approach""",0.0
2024-08-01,"""Oil prices rise on hurricane supply risks""",-0.5787398815155029
2024-08-01,"""China’s manufacturing PMI contracts, stoking slowdown fears""",0.8637256622314453
2024-08-01,"""Euro weakens as ECB signals dovish outlook""",-0.9086427688598633
2024-07-22,"""Fed leaves rates unchanged, signals patience""",0.0
2024-07-22,"""US Q2 GDP growth at 2.1%, slightly above forecasts""",0.9314556121826172
2024-07-22,"""S&P 500 and Nasdaq end July with strong gains""",0.9377610087394714
2024-07-22,"""Oil prices steady, gold slips""",0.7423409223556519
2024-07-22,"""Indian rupee volatile on global cues""",-0.7781462073326111
2024-07-15,"""US retail sales disappoint, consumer sentiment weakens""",-0.9683811068534851
2024-07-15,"""Fed Beige Book reports slowing economic activity""",-0.9541957974433899
2024-07-15,"""Oil prices rebound on supply disruptions""",-0.8707193732261658
2024-07-15,"""Eurozone GDP growth revised down""",-0.8029134273529053
2024-07-15,"""Chinese yuan weakens on capital outflows""",-0.9533686637878418
2024-07-08,"""US CPI inflation below expectations, markets price in September rate cut""",-0.7401703000068665
2024-07-08,"""S&P 500 hits new record, led by tech and healthcare""",0.9080373644828796
2024-07-08,"""Oil prices dip on demand concerns""",-0.9533111453056335
2024-07-08,"""Indian markets rally on strong corporate earnings""",0.9269958734512329
2024-07-08,"""Gold rises on central bank buying""",0.8401671051979065
2024-07-01,"""US stocks rally after strong June jobs report""",0.8170570731163025
2024-07-01,"""Fed signals readiness to cut rates if inflation falls further""",-0.7453539967536926
2024-07-01,"""Oil prices rise on OPEC+ supply cuts""",0.8078996539115906
2024-07-01,"""Chinese economic data mixed, government pledges more stimulus""",0.8846944570541382
2024-07-01,"""Eurozone inflation falls to 2.4%""",-0.9493633508682251
2024-06-22,"""US PCE inflation data in focus, consumer confidence dips""",-0.9474351406097412
2024-06-22,"""S&P 500 and Nasdaq end June higher""",0.9230000972747803
2024-06-22,"""Oil prices steady, gold edges up""",0.943368673324585
2024-06-22,"""Indian rupee stable, RBI holds rates""",0.0
2024-06-22,"""European stocks outperform on strong earnings""",0.8368973731994629
2024-06-15,"""Fed leaves rates unchanged, notes uncertainty remains elevated""",0.5706369876861572
2024-06-15,"""US stocks close mixed amid hopes for Middle East de-escalation""",0.5023443102836609
2024-06-15,"""Oil prices steady, gold slips""",0.7423409223556519
2024-06-15,"""Eurozone business activity slows""",-0.9640418291091919
2024-06-15,"""Chinese stocks gain on stimulus hopes""",0.917434573173523
2024-06-08,"""US CPI inflation ticks higher, Fed signals caution""",0.6480334997177124
2024-06-08,"""S&P 500 and global stocks retreat from highs""",-0.937640368938446
2024-06-08,"""Oil prices fall as demand concerns return""",-0.9508247971534729
2024-06-08,"""Indian markets mixed on inflation data""",-0.7593297362327576
2024-06-08,"""Gold and bonds rally on risk aversion""",0.8348694443702698
2024-06-01,"""US nonfarm payrolls beat expectations, unemployment at 3.9%""",0.8378157019615173
2024-06-01,"""ECB holds rates, signals dovish outlook""",0.3470933735370636
2024-06-01,"""Oil prices rise on OPEC+ output cuts""",0.6988849639892578
2024-06-01,"""Chinese exports rebound, boosting Asian markets""",0.9517115950584412
2024-06-01,"""S&P 500 and Nasdaq hit new highs""",0.914341926574707
2024-05-22,"""Chad’s post-election unrest continues""",-0.8764537572860718
2024-05-22,"""Global markets react to mixed US economic data""",-0.8713893294334412
2024-05-22,"""Oil prices steady as OPEC+ maintains output""",0.6804201006889343
2024-05-22,"""UK and EU discuss new trade agreements""",0.822352409362793
2024-05-22,"""India’s new government formation underway""",0.0
2024-05-15,"""Situation in southern Gaza remains dire, aid corridors remain blocked""",-0.9617210626602173
2024-05-15,"""US Federal Reserve signals cautious outlook on rate cuts""",-0.6753110885620117
2024-05-15,"""India’s election results awaited, markets volatile""",-0.7371302247047424
2024-05-15,"""Brazil faces ongoing flooding crisis""",-0.9527788758277893
2024-05-15,"""Russia-Ukraine conflict continues with heavy fighting""",-0.8104455471038818
2024-05-08,"""Global AI summit in Geneva draws 25,000 participants, tackles deepfakes""",0.0
2024-05-08,"""Oil prices rise on renewed Middle East tensions""",-0.7632076740264893
2024-05-08,"""US inflation data higher than expected""",0.7925257086753845
2024-05-08,"""European Central Bank holds rates steady""",0.0
2024-05-08,"""Chinese exports rebound, boosting Asian markets""",0.9517115950584412
2024-05-01,"""Chad’s presidential election confirms military-backed leader Mahamat Idriss Déby""",0.0
2024-05-01,"""Gaza humanitarian crisis worsens, WFP calls situation “horrific and apocalyptic”""",-0.8877014517784119
2024-05-01,"""US and China resume high-level trade talks""",0.8292185068130493
2024-05-01,"""UK Parliament debates new AI regulation""",0.0
2024-05-01,"""India’s general election enters final phase""",0.0
2024-04-22,"""Russia-Ukraine war escalates with new drone attacks""",-0.8319916129112244
2024-04-22,"""Global markets fluctuate on Fed and ECB rate signals""",-0.6254264116287231
2024-04-22,"""Major flooding in Brazil displaces thousands""",-0.9088777303695679
2024-04-22,"""US jobs data beats expectations""",0.5439424514770508
2024-04-22,"""China’s manufacturing PMI contracts""",0.0
2024-04-15,"""Israel-Gaza conflict continues, WFP warns of “apocalyptic” conditions in southern Gaza""",-0.9459065794944763
2024-04-15,"""Chad’s presidential election results maintain military-backed rule""",0.0
2024-04-15,"""Global AI summit in Geneva addresses misinformation and deepfakes""",0.0
2024-04-15,"""Oil prices volatile amid Middle East supply risks""",-0.8796452879905701
2024-04-15,"""US and China trade tensions flare up""",-0.828752338886261
2024-04-08,"""UK and Ukraine sign arms production agreement""",0.8969892263412476
2024-04-08,"""Global markets react to ongoing Gaza crisis""",0.0
2024-04-08,"""US and EU discuss new sanctions on Russia""",0.0
2024-04-08,"""Eurozone business confidence falls""",-0.8777880668640137
2024-04-08,"""India’s general election campaign intensifies""",0.0
2024-04-01,"""Israel pulls troops from southern Gaza for tactical reasons""",-0.8966009020805359
2024-04-01,"""South Africa bridge accident leaves 45 dead""",-0.8452721834182739
2024-04-01,"""Russia dam collapse forces evacuation of 4,000 people""",-0.9175586104393005
2024-04-01,"""Mozambique ferry disaster kills about 100""",-0.9248310327529907
2024-04-01,"""Explosion at Italian power plant kills three""",-0.8130128383636475
2024-03-22,"""Columbia’s conflict with EMC rebels escalates, ceasefire suspension continues""",-0.9214761853218079
2024-03-22,"""Global AI summit in Geneva tackles misinformation and deepfakes, attended by 25,000 people from 145 countries""",0.0
2024-03-22,"""UK and Ukraine sign agreement on arms production""",0.9177010655403137
2024-03-22,"""Explosion at power plant in Italy kills three""",-0.8756006360054016
2024-03-22,"""Mozambique ferry sinks, about 100 dead""",-0.9397692680358887
2024-03-15,"""Russia-Ukraine conflict intensifies with new drone and missile attacks""",-0.6385059356689453
2024-03-15,"""Global markets volatile amid Middle East tensions and energy price swings""",-0.9226176738739014
2024-03-15,"""US Federal Reserve signals pause on rate hikes""",-0.7254795432090759
2024-03-15,"""China’s exports decline for third straight month""",-0.9727542996406555
2024-03-15,"""Eurozone inflation remains above target""",0.8842126131057739
2024-03-08,"""UK expected to introduce bill to ban smoking among young people""",0.0
2024-03-08,"""Israel’s Gaza operations draw global condemnation as civilian toll rises""",-0.6667689085006714
2024-03-08,"""US and EU impose new sanctions on Russia""",-0.7867198586463928
2024-03-08,"""Indian parliament debates controversial farm law reforms""",0.0
2024-03-08,"""China’s economic data shows continued property sector weakness""",-0.971264123916626
2024-03-01,"""Russia launches missile strike on Odesa, Ukraine, killing at least 20""",-0.8991678953170776
2024-03-01,"""Military agreement between Niger and US ends""",0.0
2024-03-01,"""Columbia suspends ceasefire with EMC rebels in three areas""",-0.8879992961883545
2024-03-01,"""Putin extends tenure as President of Russia""",0.0
2024-03-01,"""Hong Kong passes tough new security law""",0.6769343018531799
2024-02-22,"""South Korea’s fertility rate hits record low""",-0.8923645615577698
2024-02-22,"""Pakistan’s new coalition government excludes Imran Khan’s party""",0.0
2024-02-22,"""US and EU face economic headwinds amid global recession fears""",-0.9564356207847595
2024-02-22,"""Russia-Ukraine war continues with heavy fighting in eastern Ukraine""",-0.8410738110542297
2024-02-22,"""Political instability in Latin America and Africa""",0.0
2024-02-15,"""Russian opposition leader Alexei Navalny dies in prison""",-0.5388653874397278
2024-02-15,"""Former Brazilian president Jair Bolsonaro accused of coup attempt after 2022 election""",-0.5814874768257141
2024-02-15,"""US blocks another UN resolution for Gaza ceasefire""",-0.5339308977127075
2024-02-15,"""UK and Japan economic data confirm technical recessions""",-0.961919903755188
2024-02-15,"""Continued violence and humanitarian crisis in Gaza""",-0.7724655270576477
2024-02-08,"""Indonesian defense minister Prabowo Subianto wins presidential election by a large margin""",0.9060925245285034
2024-02-08,"""Pakistan’s Imran Khan sentenced to 10 years for leaking state secrets; his party wins most seats in parliament""",-0.43647465109825134
2024-02-08,"""Finnish center-right candidate Alexander Stubb wins presidential election""",0.0
2024-02-08,"""Michelle O’Neill becomes Northern Ireland’s first Irish nationalist First Minister""",0.0
2024-02-08,"""El Salvador’s Nayib Bukele wins re-election amid human rights concerns""",-0.5494179129600525
2024-02-01,"""Gaza death toll exceeds 30,000 amid ongoing Israeli invasion; US blocks UN ceasefire resolution for third time""",-0.9436413049697876
2024-02-01,"""Chile wildfires kill over 100 on the coast""",-0.7844759821891785
2024-02-01,"""Japan and UK both enter recession""",-0.9653930068016052
2024-02-01,"""South Korea’s fertility rate drops to world’s lowest at 0.72""",-0.9738873839378357
2024-02-01,"""Azerbaijan’s Ilham Aliyev wins fifth consecutive presidential term""",0.0
2024-01-22,"""Cicalengka station railway collision in Indonesia kills at least four""",-0.9399785399436951
2024-01-22,"""Israel’s Supreme Court strikes down controversial judicial reforms""",-0.8666667342185974
2024-01-22,"""Russia-Ukraine war: continued drone and missile attacks""",0.0
2024-01-22,"""US FAA grounds Boeing 737 Max 9 fleet after Alaska Airlines incident""",0.0
2024-01-22,"""Political reshuffling in France and Poland""",0.0
2024-01-15,"""Russian airstrike on Ukrainian town kills 11, including five children""",-0.9372015595436096
2024-01-15,"""MPs arrested in Poland’s presidential palace""",-0.8159652352333069
2024-01-15,"""France’s Prime Minister Elisabeth Borne resigns ahead of reshuffle""",-0.9232667684555054
2024-01-15,"""Nepal suspends permits for citizens to work in Russia/Ukraine after deaths in Russian army""",-0.9279745817184448
2024-01-15,"""Oscar Pistorius released on parole in South Africa after serving time for murder""",0.0
2024-01-08,"""Saleh Al-Arouri, senior Hamas official, killed in Lebanon""",0.0
2024-01-08,"""South Korean opposition leader survives knife attack""",-0.6575531959533691
2024-01-08,"""Belarusian president signs law granting lifelong immunity from prosecution""",0.6150356531143188
2024-01-08,"""Israeli Supreme Court strikes down judicial reform""",-0.8367848992347717
2024-01-08,"""Four dead in Indonesia train collision""",-0.7742859721183777
2024-01-01,"""2024 Noto earthquake in Japan kills at least 94, with over 220 missing""",-0.9476127028465271
2024-01-01,"""Alaska Airlines Boeing 737 Max 9 loses door mid-air, FAA grounds all Max 9s""",0.0
2024-01-01,"""Russia launches 90 drones on Ukraine in New Year attack""",0.0
2024-01-01,"""Bomb blasts in Iran kill dozens, with many more injured""",-0.904867947101593
2024-01-01,"""Bangladesh PM Sheikh Hasina re-elected for a fifth term""",0.5726445913314819
2023-12-22,"""Israeli forces find more hostages’ bodies in Gaza, fighting continues""",-0.8401193022727966
2023-12-22,"""Global stock markets end year near record highs""",0.5784636735916138
2023-12-22,"""Ongoing humanitarian crisis in Sudan and Ethiopia""",-0.7858463525772095
2023-12-22,"""China’s population declines for second consecutive year""",-0.9706668853759766
2023-12-22,"""UN Security Council debates global food security crisis""",0.0
2023-12-15,"""US Federal Reserve signals possible rate cuts in 2024""",0.0
2023-12-15,"""Argentina’s new government devalues peso, launches economic reforms""",0.0
2023-12-15,"""France faces nationwide strikes over pension reform""",-0.9543947577476501
2023-12-15,"""Earthquake rocks central Philippines, causing widespread damage""",-0.9265754222869873
2023-12-15,"""UK inflation falls to two-year low""",-0.954975426197052
2023-12-08,"""Qatar and Egypt mediate renewed ceasefire talks for Gaza""",0.6610503792762756
2023-12-08,"""Russia launches new missile barrage on Ukraine""",0.0
2023-12-08,"""US Congress passes annual defense bill""",0.0
2023-12-08,"""Deadly tornadoes hit US Midwest""",-0.8918248414993286
2023-12-08,"""Japan’s economy contracts in Q3""",0.609847903251648
2023-12-01,"""Israel-Hamas war resumes after brief truce, hostages remain in Gaza""",-0.5934097170829773
2023-12-01,"""COP28 climate talks in Dubai focus on fossil fuel phase-out""",0.0
2023-12-01,"""US jobs data beats expectations""",0.5439424514770508
2023-12-01,"""Canada’s Liberal Party elects Bonnie Crombie as new Ontario leader""",0.0
2023-12-01,"""China’s exports rebound, boosting Asian markets""",0.9539483785629272
2023-11-22,"""Gaza truce ends, fighting resumes""",0.0
2023-11-22,"""Flooding spreads in Somalia, millions affected""",-0.9201370477676392
2023-11-22,"""OPEC+ agrees to extend oil production cuts""",0.8972988128662109
2023-11-22,"""US inflation data cooler than expected""",-0.521001398563385
2023-11-22,"""World AIDS Day marked by calls for expanded access to treatment""",0.6565072536468506
2023-11-15,"""Argentina elects Javier Milei as president""",0.0
2023-11-15,"""UN reports record global displacement due to conflict and climate""",-0.9271481037139893
2023-11-15,"""Ukraine launches new drone attacks on Russian territory""",-0.4096478521823883
2023-11-15,"""Global stock markets rally on hopes of central bank rate cuts""",0.7714679837226868
2023-11-15,"""China lifts COVID-19 travel restrictions for foreigners""",0.4447477459907532
2023-11-08,"""Israel and Hamas agree to brief ceasefire for hostage exchange""",0.8537569642066956
2023-11-08,"""India and US sign new defense cooperation agreements""",0.923542857170105
2023-11-08,"""Deadly earthquake strikes Nepal, hundreds killed""",-0.926308274269104
2023-11-08,"""US government avoids shutdown with temporary funding bill""",0.0
2023-11-08,"""Bitcoin surges to highest level since 2021""",0.9434939026832581
2023-11-01,"""Gaza conflict continues, scale of death and destruction draws UN condemnation""",0.0
2023-11-01,"""Somalia hit by deadly floods, over 100 killed""",-0.8985243439674377
2023-11-01,"""Argentina’s presidential election heads to a runoff""",0.0
2023-11-01,"""US Fed holds rates steady, signals data-dependent approach""",0.0
2023-11-01,"""COP28 climate summit opens in Dubai""",0.0
2023-10-22,"""Israel expands ground offensive in Gaza""",0.0
2023-10-22,"""UN agencies call for humanitarian pause in fighting""",0.0
2023-10-22,"""Hurricane Otis devastates Acapulco, Mexico""",-0.6948795914649963
2023-10-22,"""US GDP growth beats expectations for Q3""",0.9279201626777649
2023-10-22,"""UK PM reshuffles cabinet amid political pressure""",-0.8953906893730164
2023-10-15,"""Gaza death toll surpasses 5,000 as Israeli airstrikes intensify""",-0.8948339223861694
2023-10-15,"""Global protests erupt in support of Palestinians""",-0.6426504850387573
2023-10-15,"""US deploys warships to Eastern Mediterranean""",0.0
2023-10-15,"""UN warns of humanitarian catastrophe in Gaza""",-0.8108516931533813
2023-10-15,"""India and Canada continue diplomatic standoff""",-0.8548135757446289
2023-10-08,"""Israel orders northern Gaza evacuation, blockades region""",0.0
2023-10-08,"""US and EU leaders visit Israel, pledge support""",0.7058636546134949
2023-10-08,"""Australia votes “No” in Indigenous Voice referendum""",0.0
2023-10-08,"""Oil prices spike on Middle East conflict fears""",-0.7420578598976135
2023-10-08,"""Russia and China veto UN Security Council ceasefire resolution""",-0.911065399646759
2023-10-01,"""Hamas launches surprise attack on Israel, killing over 1,400 and taking hostages""",-0.7074945569038391
2023-10-01,"""Israel responds with massive airstrikes on Gaza, thousands killed""",-0.7169978618621826
2023-10-01,"""Global calls for ceasefire as humanitarian crisis unfolds in Gaza""",0.0
2023-10-01,"""India’s Supreme Court declines to legalize same-sex marriage""",0.0
2023-10-01,"""Conservative parties win elections in New Zealand, Ecuador, and Slovakia""",0.5860829949378967
2023-09-22,"""US government shutdown narrowly averted with last-minute funding bill""",0.5867881178855896
2023-09-22,"""Italian island of Lampedusa overwhelmed by migrant arrivals""",-0.8193744421005249
2023-09-22,"""Ukraine strikes Russian Black Sea Fleet HQ in Crimea""",-0.6403933763504028
2023-09-22,"""UK inflation falls, raising hopes for interest rate cuts""",-0.6301053762435913
2023-09-22,"""Global markets volatile amid central bank policy shifts""",-0.9190660119056702
2023-09-15,"""Azerbaijan launches military operation in Nagorno-Karabakh, ceasefire announced""",0.0
2023-09-15,"""Breakaway government of Nagorno-Karabakh agrees to dissolve by year-end""",0.0
2023-09-15,"""UN General Assembly meets in New York, focuses on climate and Ukraine""",0.0
2023-09-15,"""Mexico set to elect its first female president, both major parties nominate women""",0.0
2023-09-15,"""Russia, China skip G20 Summit in India""",0.0
2023-09-08,"""Floods in Libya kill over 10,000 in Derna after dam collapse""",-0.9496562480926514
2023-09-08,"""North Korea’s Kim Jong Un visits Russia, discusses arms deals""",0.0
2023-09-08,"""Earthquake aftershocks continue in Morocco""",-0.8495325446128845
2023-09-08,"""US auto workers strike against Detroit’s Big Three automakers""",-0.9061182141304016
2023-09-08,"""India suspends visa services for Canadians amid diplomatic spat""",-0.942111611366272
2023-09-01,"""G20 Summit in India admits African Union as permanent member""",0.0
2023-09-01,"""Morocco hit by deadly earthquake, killing thousands""",-0.8078898787498474
2023-09-01,"""Canada-India diplomatic row erupts over Sikh leader’s assassination""",-0.910732626914978
2023-09-01,"""Hong Kong and Mexico see major legal breakthroughs: abortion decriminalized in Mexico""",0.8983826041221619
2023-09-01,"""Ukrainian counteroffensive continues in eastern Ukraine""",-0.6971324682235718
2023-08-22,"""Gabon military officers stage coup, oust President Ali Bongo""",0.0
2023-08-22,"""UN calls for investment in Sahel to prevent coups""",0.6174463629722595
2023-08-22,"""Yemen sees surge in measles and rubella cases amid funding cuts""",0.6547536849975586
2023-08-22,"""UNESCO highlights World Heritage Sites as last defense against extinction""",0.0
2023-08-22,"""UN experts urge rich countries to waive COVID-19 vaccine IP rights""",0.4564793109893799
2023-08-15,"""Kakar appointed caretaker PM to oversee Pakistan’s national election""",0.0
2023-08-15,"""Russian strike hits center of Ukraine, killing seven people""",-0.9410067796707153
2023-08-15,"""Spain beats England to win FIFA Women’s World Cup for first time""",0.8423536419868469
2023-08-15,"""Russian aircraft destroyed by Ukrainian drone""",-0.6170932054519653
2023-08-15,"""Crowd sets eight churches on fire in Pakistan""",-0.727735698223114
2023-08-08,"""Niger coup leader Abdourahmane Tchiani declares himself president""",0.0
2023-08-08,"""Warehouse explosion in Thailand kills nine""",-0.8972670435905457
2023-08-08,"""Italian government approves 40% windfall tax on banks""",0.0
2023-08-08,"""Shipwreck off Lampedusa kills 41 migrants""",-0.872100830078125
2023-08-08,"""Boats carrying over 50 fleeing passengers sinks in Andaman Sea, killing 23""",-0.9531846046447754
2023-08-01,"""Philippine Coast Guard accuses China of firing water cannons in South China Sea""",-0.8499337434768677
2023-08-01,"""Former Pakistan PM Imran Khan sentenced to three years in prison""",-0.4931946098804474
2023-08-01,"""Cambodian People’s Party wins landslide in national election""",0.5149510502815247
2023-08-01,"""India’s Chandrayaan-3 enters lunar orbit, ahead of Moon landing""",0.0
2023-08-01,"""Wildfires devastate Hawaii’s Maui, killing over 100""",-0.8363037109375
2023-07-22,"""Coup attempt in Niger ousts President Bazoum""",-0.7506559491157532
2023-07-22,"""US credit rating downgraded by Fitch""",-0.7929111123085022
2023-07-22,"""China’s economy shows signs of slowing, raising global recession fears""",-0.9256043434143066
2023-07-22,"""Women’s World Cup sees record attendance""",0.8039092421531677
2023-07-22,"""India’s parliament passes key privacy legislation""",0.694730281829834
2023-07-15,"""G20 finance ministers meet in India, debate global economic policy""",0.0
2023-07-15,"""EU-CELAC summit in Brussels discusses climate, trade, and human rights""",0.0
2023-07-15,"""Russia launches missile strikes across Ukraine after Crimea bridge blast""",0.0
2023-07-15,"""Wildfires rage in Greece and Canada""",0.0
2023-07-15,"""Black Sea Grain Initiative expires, raising global food price fears""",-0.9412438273429871
2023-07-08,"""NATO summit in Vilnius focuses on Ukraine’s membership and defense spending""",0.0
2023-07-08,"""Flooding devastates northern India and China""",-0.7890591621398926
2023-07-08,"""France’s Bastille Day marred by ongoing protests""",-0.9349090456962585
2023-07-08,"""US inflation falls to lowest level since early 2021""",-0.9657922983169556
2023-07-08,"""South Korea launches lunar probe""",0.0
2023-07-01,"""Spain assumes EU Council presidency, prioritizing climate and energy reforms""",0.0
2023-07-01,"""India hosts Shanghai Cooperation Organisation (SCO) summit virtually""",0.0
2023-07-01,"""Deadly heatwaves grip southern Europe, US, and China""",0.0
2023-07-01,"""Russia withdraws from Black Sea grain deal, threatening food security""",-0.9375292062759399
2023-07-01,"""US job growth slows, signaling possible economic cooling""",-0.9700967669487
2023-06-22,"""Titan submersible implodes, all five aboard presumed dead""",-0.6311702728271484
2023-06-22,"""Wagner Group mutiny in Russia briefly threatens Putin’s control""",-0.8434466123580933
2023-06-22,"""US Supreme Court ends race-based affirmative action in college admissions""",0.0
2023-06-22,"""French riots erupt after police shoot a teenager in Nanterre""",-0.9056470394134521
2023-06-22,"""India passes data protection bill, impacting global tech firms""",-0.7039757966995239
2023-06-15,"""Migrant boat sinks off Greek coast, killing at least 78 people""",-0.9568637013435364
2023-06-15,"""UAE lifts visa ban on Lebanese citizens""",-0.6629242897033691
2023-06-15,"""Militants attack school in Uganda, killing dozens""",-0.9154415130615234
2023-06-15,"""Italian government blocks Chinese control of Pirelli""",-0.804443895816803
2023-06-15,"""Estonia legalizes same-sex marriage""",0.0
2023-06-08,"""24-hour ceasefire in Sudan announced by US and Saudi Arabia""",0.0
2023-06-08,"""Four children found alive in Amazon after 40 days post-plane crash""",0.0
2023-06-08,"""Manchester City wins first UEFA Champions League trophy""",0.6276141405105591
2023-06-08,"""Former Italian PM Silvio Berlusconi dies at 86""",0.0
2023-06-08,"""Denver Nuggets win first NBA Championship""",0.0
2023-06-01,"""Destruction of the Kakhovka Dam in Ukraine causes massive flooding and humanitarian crisis""",-0.9305386543273926
2023-06-01,"""Afghan conflict: Taliban and Islamic State continue deadly clashes""",-0.6252769231796265
2023-06-01,"""Iran unveils domestically produced hypersonic missile""",0.0
2023-06-01,"""Israeli military raid in Jenin kills six Palestinians, injures 90""",-0.9447378516197205
2023-06-01,"""IndiGo orders 500 Airbus A320s, the largest single purchase in commercial aviation""",0.8381553888320923
2023-05-22,"""US House passes debt ceiling deal, averting default""",0.847465991973877
2023-05-22,"""Russia claims advances in eastern Ukraine""",0.0
2023-05-22,"""French police clash with protesters over pension reforms""",-0.9456763863563538
2023-05-22,"""Canada wildfires force mass evacuations in Alberta""",-0.8552140593528748
2023-05-22,"""Argentina’s inflation exceeds 100% year-on-year""",0.8977113366127014
2023-05-15,"""Ukraine launches counteroffensive operations in Bakhmut region""",0.0
2023-05-15,"""South Africa hit by worst power cuts on record""",-0.8976767659187317
2023-05-15,"""US debt ceiling negotiations intensify as default deadline nears""",-0.8625830411911011
2023-05-15,"""Cyclone Mocha kills hundreds in Myanmar and Bangladesh""",-0.9209067821502686
2023-05-15,"""China bans US chipmaker Micron from key infrastructure projects""",-0.9157103300094604
2023-05-08,"""Deadly floods devastate northern Italy, thousands evacuated""",-0.9479613900184631
2023-05-08,"""G7 summit in Hiroshima focuses on China and Ukraine""",0.0
2023-05-08,"""Turkey’s presidential election heads to runoff""",0.0
2023-05-08,"""Elon Musk appoints Linda Yaccarino as new Twitter CEO""",0.0
2023-05-08,"""US border restrictions change as Title 42 expires""",0.0
2023-05-01,"""King Charles III crowned in historic UK coronation""",0.0
2023-05-01,"""US Federal Reserve raises rates by 25bps, signals possible pause""",-0.48762696981430054
2023-05-01,"""WHO declares end to COVID-19 global health emergency""",0.0
2023-05-01,"""Pakistan’s Imran Khan arrested, sparking nationwide protests""",-0.7670924663543701
2023-05-01,"""Russia launches drone attacks on Kyiv""",-0.5695434212684631
2023-04-22,"""UN evacuates staff from Sudan as violence worsens""",-0.9312012195587158
2023-04-22,"""First Republic Bank seized and sold to JPMorgan Chase""",0.0
2023-04-22,"""Russia launches new missile barrage on Ukraine""",0.0
2023-04-22,"""Japan’s PM Kishida survives smoke bomb attack""",0.0
2023-04-22,"""Brazil’s Lula visits Portugal, calls for Ukraine peace talks""",0.7008994221687317
2023-04-15,"""Fighting in Sudan intensifies, hundreds killed""",-0.8938915133476257
2023-04-15,"""Elon Musk’s SpaceX Starship explodes during test launch""",0.0
2023-04-15,"""Germany closes last nuclear power plants""",-0.5627511739730835
2023-04-15,"""UK inflation remains above 10%""",0.8452069759368896
2023-04-15,"""US Supreme Court preserves access to abortion pill mifepristone""",0.0
2023-04-08,"""China launches military drills near Taiwan after Tsai-McCarthy meeting""",0.0
2023-04-08,"""US inflation data shows signs of cooling""",-0.6669806241989136
2023-04-08,"""Sudanese military and paramilitary forces clash in Khartoum""",-0.8906245231628418
2023-04-08,"""India’s Supreme Court hears same-sex marriage case""",0.0
2023-04-08,"""IMF and World Bank Spring Meetings focus on debt relief""",0.0
2023-04-01,"""Trump says he will double steel tariffs to 50%""",0.8102458119392395
2023-04-01,"""France presents new global vision without US and China""",0.0
2023-04-01,"""Manitoba wildfires force evacuations in Canada""",-0.7009595632553101
2023-04-01,"""Israel approves 22 new settlements in occupied West Bank""",0.8339427709579468
2023-04-01,"""Glacier collapse in the Alps buries Swiss mountain village""",0.0
2023-03-22,"""Tornadoes and severe storms hit US South, causing widespread damage""",-0.9319441318511963
2023-03-22,"""Netanyahu pauses Israeli judicial overhaul after mass protests""",-0.7085830569267273
2023-03-22,"""OPEC+ announces surprise oil production cut""",-0.5252662897109985
2023-03-22,"""Russia detains US journalist Evan Gershkovich on espionage charges""",-0.795452356338501
2023-03-22,"""Finland officially joins NATO""",0.5562636256217957
2023-03-15,"""Credit Suisse rescued by UBS in emergency deal after market panic""",0.6230441331863403
2023-03-15,"""Global stock markets volatile amid banking sector fears""",-0.9455552697181702
2023-03-15,"""Xi Jinping visits Moscow, signals support for Russia""",0.7335090637207031
2023-03-15,"""Israel approves new settlements in West Bank""",0.6956158876419067
2023-03-15,"""Protests in France intensify as pension reform passes without full parliamentary vote""",-0.957751989364624
2023-03-08,"""Silicon Valley Bank collapses, largest US bank failure since 2008""",-0.9452961087226868
2023-03-08,"""US authorities guarantee all SVB deposits to prevent financial contagion""",0.0
2023-03-08,"""North Korea fires more missiles, escalating regional tensions""",-0.8276438117027283
2023-03-08,"""Saudi-Iran diplomatic relations restored in China-brokered deal""",0.9267480969429016
2023-03-08,"""UK budget includes major childcare and pension reforms""",0.0
2023-03-01,"""US Federal Reserve signals further rate hikes to fight inflation""",0.9239969849586487
2023-03-01,"""Russia bombs Ukrainian city of Zaporizhzhia amid ceasefire talks""",-0.9020495414733887
2023-03-01,"""China’s National People’s Congress opens with focus on economic recovery""",0.0
2023-03-01,"""Protests erupt in Georgia over controversial foreign agent law""",-0.9485227465629578
2023-03-01,"""France braces for more pension reform strikes""",0.7553448677062988
2023-02-22,"""G20 finance ministers meet in India, fail to reach consensus on Ukraine war""",-0.9447078704833984
2023-02-22,"""UK and EU reach deal to resolve Northern Ireland trade dispute""",0.9041834473609924
2023-02-22,"""Russia suspends participation in New START nuclear treaty""",-0.822014570236206
2023-02-22,"""Israel launches airstrikes in Gaza after rocket fire""",-0.523593008518219
2023-02-22,"""Argentina faces record inflation, peso hits new low""",-0.8729795217514038
2023-02-15,"""North Korea fires multiple missiles into the Sea of Japan""",0.0
2023-02-15,"""US imposes new sanctions on Russian entities""",-0.8733507990837097
2023-02-15,"""Cyclone Gabrielle causes widespread flooding in New Zealand""",-0.8788270354270935
2023-02-15,"""Nigerian elections marred by violence and logistical issues""",-0.8714246153831482
2023-02-15,"""Google launches Bard AI to compete with ChatGPT""",0.0
2023-02-08,"""US Secretary of State Blinken postpones Beijing visit after balloon incident""",-0.7930542826652527
2023-02-08,"""Russia intensifies missile attacks on Ukraine""",0.0
2023-02-08,"""China’s COVID-19 death toll revised upward, sparking global concern""",-0.5985037684440613
2023-02-08,"""French pension reform protests escalate""",-0.938636839389801
2023-02-08,"""Earthquake aftershocks continue to hamper rescue in Turkey and Syria""",-0.9663254022598267
2023-02-01,"""Massive earthquake strikes Turkey and Syria, death toll surpasses 50,000""",-0.9211466312408447
2023-02-01,"""US shoots down suspected Chinese surveillance balloon, escalating US-China tensions""",-0.9109817743301392
2023-02-01,"""Brazil scuttles decommissioned aircraft carrier São Paulo in the Atlantic""",-0.9138673543930054
2023-02-01,"""South Korea’s former justice minister Cho Kuk sentenced for abuse of power""",-0.6484763622283936
2023-02-01,"""UK faces ongoing strikes in health and transport sectors""",-0.9656389355659485
2023-01-22,"""Israel-Palestine tensions flare after deadly West Bank raid""",-0.6935412883758545
2023-01-22,"""US Q4 GDP beats expectations, but consumer spending slows""",-0.8786548376083374
2023-01-22,"""ECB and Fed signal more rate hikes ahead""",0.9164189696311951
2023-01-22,"""Russia launches new offensive in eastern Ukraine""",0.0
2023-01-22,"""Tech earnings disappoint, dragging down Nasdaq""",-0.9675725102424622
2023-01-15,"""US debt ceiling crisis looms as Treasury hits borrowing limit""",-0.8194970488548279
2023-01-15,"""Germany and US agree to send tanks to Ukraine""",0.8415839076042175
2023-01-15,"""IMF warns of “tough year” ahead for global growth""",-0.9383058547973633
2023-01-15,"""India’s Adani Group faces short-seller allegations, triggering stock rout""",-0.9659889936447144
2023-01-15,"""China’s GDP growth for 2022 slows to 3%""",-0.967017412185669
2023-01-08,"""World Economic Forum in Davos focuses on global recession risks""",0.0
2023-01-08,"""UK faces biggest rail strike in decades, disrupting transport""",-0.9620553851127625
2023-01-08,"""Japan’s inflation hits a 41-year high""",0.7709609866142273
2023-01-08,"""Microsoft announces mass layoffs, joining other tech giants""",-0.9555185437202454
2023-01-08,"""Riots in Brazil as supporters of ex-President Bolsonaro storm government buildings""",-0.9443705081939697
2023-01-01,"""China fully reopens borders, ending its zero-COVID policy""",0.7455530762672424
2023-01-01,"""Kevin McCarthy elected US House Speaker after 15 rounds of voting""",0.0
2023-01-01,"""Ukraine repels renewed Russian missile attacks on Kyiv and Kharkiv""",0.7779054641723633
2023-01-01,"""Eurozone inflation falls for the second straight month""",-0.9648570418357849
2023-01-01,"""Tesla cuts prices in China amid slowing demand""",-0.8547349572181702
